cert_reason,count
unordered_result,17794
output_not_a_stored_column,6831
one_row,3507
mongo_no_sort,3064
predicate_not_allowed,2287
nested_block,1442
not_one_select_block,1330
clause_not_allowed,1019
one_row_output_not_allowed,928
grouped_output_not_allowed,842
parse_error,566
alias_shadows_column,506
from_not_a_table,413
unbound_table,383
total_order,228
group_key_not_a_stored_column,189
order_term_not_allowed,90
one_row_clause_not_allowed,42
aggregate_not_allowed,35
not_single_statement,29
having_without_group,27
join_not_allowed,20
no_table,19
distinct_on,7
unknown,6
having_not_allowed,4
limit_not_literal,3
id_lookup,2
not_find_spec,2
id_lookup_not_plain,1
