gate,level,group,calls,calls_share,time_lb_share,bytes_share
all_query_db,engine,duckdb,29145,1.0,1.0,1.0
all_query_db,engine,mongo,8508,1.0,1.0,1.0
all_query_db,engine,postgres,19033,1.0,1.0,1.0
all_query_db,engine,sqlite,19455,1.0,1.0,1.0
all_query_db,engine,unknown,6,1.0,0.0,0.0
all_query_db,dataset,DEPS_DEV_V1,3125,1.0,1.0,1.0
all_query_db,dataset,GITHUB_REPOS,6061,1.0,1.0,1.0
all_query_db,dataset,PANCANCER_ATLAS,6716,1.0,1.0,1.0
all_query_db,dataset,PATENTS,4263,1.0,1.0,1.0
all_query_db,dataset,agnews,4240,1.0,1.0,1.0
all_query_db,dataset,bookreview,3060,1.0,1.0,1.0
all_query_db,dataset,crmarenapro,16879,1.0,1.0,1.0
all_query_db,dataset,googlelocal,3779,1.0,1.0,1.0
all_query_db,dataset,music_brainz_20k,2451,1.0,1.0,1.0
all_query_db,dataset,stockindex,2663,1.0,1.0,1.0
all_query_db,dataset,stockmarket,14481,1.0,1.0,1.0
all_query_db,dataset,yelp,8495,1.0,1.0,1.0
all_query_db,all,all,76213,1.0,1.0,1.0
replayed,engine,duckdb,29145,1.0,1.0,1.0
replayed,engine,mongo,8508,1.0,1.0,1.0
replayed,engine,postgres,19033,1.0,1.0,1.0
replayed,engine,sqlite,19455,1.0,1.0,1.0
replayed,engine,unknown,0,0.0,0.0,0.0
replayed,dataset,DEPS_DEV_V1,3122,0.99904,1.0,1.0
replayed,dataset,GITHUB_REPOS,6058,0.9995050321729088,1.0,1.0
replayed,dataset,PANCANCER_ATLAS,6713,0.9995533055390113,1.0,1.0
replayed,dataset,PATENTS,4261,0.9995308468214872,1.0,1.0
replayed,dataset,agnews,4226,0.9966981132075472,1.0,1.0
replayed,dataset,bookreview,3056,0.9986928104575163,1.0,1.0
replayed,dataset,crmarenapro,16865,0.9991705669767166,1.0,1.0
replayed,dataset,googlelocal,3775,0.9989415189203493,1.0,1.0
replayed,dataset,music_brainz_20k,2448,0.9987760097919217,1.0,1.0
replayed,dataset,stockindex,2662,0.9996244836650394,1.0,1.0
replayed,dataset,stockmarket,14476,0.9996547199779021,1.0,1.0
replayed,dataset,yelp,8479,0.998116539140671,1.0,1.0
replayed,all,all,76141,0.9990552792830619,1.0,1.0
successful,engine,duckdb,27388,0.9397152170183565,0.7676584794785195,1.0
successful,engine,mongo,8200,0.9637987776210625,0.9999308443831818,1.0
successful,engine,postgres,16827,0.8840960437135501,0.9925166721221753,1.0
successful,engine,sqlite,19167,0.9851966075558982,0.9918703549654757,1.0
successful,engine,unknown,0,0.0,0.0,0.0
successful,dataset,DEPS_DEV_V1,2977,0.95264,0.4738124024813865,1.0
successful,dataset,GITHUB_REPOS,5686,0.9381290216135951,0.9985760327062874,1.0
successful,dataset,PANCANCER_ATLAS,5710,0.8502084574151281,0.9969304572530285,1.0
successful,dataset,PATENTS,3960,0.9289232934553132,0.994480986718834,1.0
successful,dataset,agnews,4085,0.9634433962264151,0.9999463702596342,1.0
successful,dataset,bookreview,2978,0.973202614379085,0.9938450529671964,1.0
successful,dataset,crmarenapro,15552,0.9213815984359263,0.9551060981338688,1.0
successful,dataset,googlelocal,3710,0.9817412013760254,0.9945507895642539,1.0
successful,dataset,music_brainz_20k,2434,0.993064055487556,0.9968399950961407,1.0
successful,dataset,stockindex,2492,0.9357867067217424,0.9688331297341549,1.0
successful,dataset,stockmarket,13842,0.9558732131758857,0.9502975966292543,1.0
successful,dataset,yelp,8156,0.9600941730429664,0.9595411435931877,1.0
successful,all,all,71582,0.939236088331387,0.9450444916475029,1.0
fidelity_pass,engine,duckdb,24354,0.8356150283067422,0.7483003050738063,0.984262750483842
fidelity_pass,engine,mongo,6438,0.7566995768688294,0.4323389200985666,0.47277480983266373
fidelity_pass,engine,postgres,13484,0.7084537382441023,0.7115907350768257,0.8811216914453532
fidelity_pass,engine,sqlite,18143,0.9325623233102031,0.9878032744387353,0.9963859286916558
fidelity_pass,engine,unknown,0,0.0,0.0,0.0
fidelity_pass,dataset,DEPS_DEV_V1,2613,0.83616,0.46992282283756487,0.9952818223397976
fidelity_pass,dataset,GITHUB_REPOS,5254,0.8668536545124567,0.9942630286471646,0.9974574048535002
fidelity_pass,dataset,PANCANCER_ATLAS,4624,0.6885050625372245,0.8325293180484177,0.7181256782014164
fidelity_pass,dataset,PATENTS,3433,0.8053014309171944,0.9886234062849134,0.9983084092977798
fidelity_pass,dataset,agnews,2325,0.5483490566037735,0.5002724983383094,0.5218874883552762
fidelity_pass,dataset,bookreview,2634,0.8607843137254902,0.8847430255468893,0.7851618845616389
fidelity_pass,dataset,crmarenapro,14116,0.8363054683334321,0.9007832018961024,0.9467915504407883
fidelity_pass,dataset,googlelocal,3214,0.8504895474993385,0.874732818877134,0.8194126516895387
fidelity_pass,dataset,music_brainz_20k,1390,0.5671154630762953,0.4629581415434268,0.44277376894864057
fidelity_pass,dataset,stockindex,1920,0.7209913631242959,0.7000164934393456,0.9847514581113401
fidelity_pass,dataset,stockmarket,13688,0.9452385884952696,0.940793417161357,0.9917664877658016
fidelity_pass,dataset,yelp,7208,0.8484991171277222,0.6480243644437804,0.585304719574848
fidelity_pass,all,all,62419,0.8190072559799509,0.9341562378781046,0.9852680487379321
stable,engine,duckdb,24354,0.8356150283067422,0.7483003050738063,0.984262750483842
stable,engine,mongo,6438,0.7566995768688294,0.4323389200985666,0.47277480983266373
stable,engine,postgres,13484,0.7084537382441023,0.7115907350768257,0.8811216914453532
stable,engine,sqlite,18143,0.9325623233102031,0.9878032744387353,0.9963859286916558
stable,engine,unknown,0,0.0,0.0,0.0
stable,dataset,DEPS_DEV_V1,2613,0.83616,0.46992282283756487,0.9952818223397976
stable,dataset,GITHUB_REPOS,5254,0.8668536545124567,0.9942630286471646,0.9974574048535002
stable,dataset,PANCANCER_ATLAS,4624,0.6885050625372245,0.8325293180484177,0.7181256782014164
stable,dataset,PATENTS,3433,0.8053014309171944,0.9886234062849134,0.9983084092977798
stable,dataset,agnews,2325,0.5483490566037735,0.5002724983383094,0.5218874883552762
stable,dataset,bookreview,2634,0.8607843137254902,0.8847430255468893,0.7851618845616389
stable,dataset,crmarenapro,14116,0.8363054683334321,0.9007832018961024,0.9467915504407883
stable,dataset,googlelocal,3214,0.8504895474993385,0.874732818877134,0.8194126516895387
stable,dataset,music_brainz_20k,1390,0.5671154630762953,0.4629581415434268,0.44277376894864057
stable,dataset,stockindex,1920,0.7209913631242959,0.7000164934393456,0.9847514581113401
stable,dataset,stockmarket,13688,0.9452385884952696,0.940793417161357,0.9917664877658016
stable,dataset,yelp,7208,0.8484991171277222,0.6480243644437804,0.585304719574848
stable,all,all,62419,0.8190072559799509,0.9341562378781046,0.9852680487379321
E_certified,engine,duckdb,24170,0.8293017670269343,0.7467002267612787,0.9842316691593018
E_certified,engine,mongo,6438,0.7566995768688294,0.4323389200985666,0.47277480983266373
E_certified,engine,postgres,13469,0.7076656333736142,0.7114557067743416,0.881108939032474
E_certified,engine,sqlite,18051,0.9278334618350038,0.9853528225735589,0.9951754634778394
E_certified,engine,unknown,0,0.0,0.0,0.0
E_certified,dataset,DEPS_DEV_V1,2557,0.81824,0.46642505305705756,0.9921585523644857
E_certified,dataset,GITHUB_REPOS,5239,0.8643788153770005,0.9914706924124551,0.9971208033567301
E_certified,dataset,PANCANCER_ATLAS,4609,0.6862715902322811,0.8316788025674243,0.7181078133684854
E_certified,dataset,PATENTS,3426,0.8036593947923997,0.9866913414963991,0.9970540977081701
E_certified,dataset,agnews,2324,0.5481132075471699,0.5002681090344329,0.5218874512202337
E_certified,dataset,bookreview,2630,0.8594771241830066,0.8834026220207007,0.7848362637183147
E_certified,dataset,crmarenapro,13970,0.8276556668049055,0.8885747625138221,0.946497035241802
E_certified,dataset,googlelocal,3214,0.8504895474993385,0.874732818877134,0.8194126516895387
E_certified,dataset,music_brainz_20k,1388,0.5662994696042432,0.46258812194300997,0.44277283994606875
E_certified,dataset,stockindex,1908,0.7164851671047691,0.6993356253569564,0.9847497520210563
E_certified,dataset,stockmarket,13658,0.9431669083626821,0.9387375102103234,0.982690112588542
E_certified,dataset,yelp,7205,0.848145968216598,0.6471532817787996,0.5853038908656932
E_certified,all,all,62128,0.815189009748993,0.9319029790455651,0.9841663412419798
B_certified,engine,duckdb,6440,0.220964144793275,0.25480626233300163,1.6896123209832946e-05
B_certified,engine,mongo,4,0.0004701457451810061,1.241694303379828e-05,7.990261770985418e-10
B_certified,engine,postgres,918,0.048232018073871695,0.0239847128069339,7.575914232293121e-05
B_certified,engine,sqlite,769,0.03952711385248008,0.08052911404424094,0.00025078404887874295
B_certified,engine,unknown,0,0.0,0.0,0.0
B_certified,dataset,DEPS_DEV_V1,304,0.09728,0.014965622017430607,7.455408105315859e-07
B_certified,dataset,GITHUB_REPOS,763,0.1258868173568718,0.05750248976052969,0.0005528080715028945
B_certified,dataset,PANCANCER_ATLAS,329,0.04898749255509232,0.03670436234188612,0.00013137310350670758
B_certified,dataset,PATENTS,234,0.05489092188599578,0.09092651727533088,3.4634187228677786e-07
B_certified,dataset,agnews,62,0.014622641509433962,0.004884518791753432,1.648940453339198e-07
B_certified,dataset,bookreview,172,0.05620915032679739,0.0387030113166089,9.309328531249277e-05
B_certified,dataset,crmarenapro,542,0.032110907044256176,0.02124946718750587,7.441002234578866e-05
B_certified,dataset,googlelocal,187,0.04948399047367028,0.034644854647636614,0.00011019066192752218
B_certified,dataset,music_brainz_20k,222,0.09057527539779682,0.07573438844928103,6.368588689869592e-06
B_certified,dataset,stockindex,180,0.06759294029290275,0.05040141041741619,1.220362450309569e-05
B_certified,dataset,stockmarket,4743,0.32753262896208823,0.3782082587314788,0.005833276076745655
B_certified,dataset,yelp,393,0.04626250735726898,0.1120591492549615,0.0001676138257366268
B_certified,all,all,8131,0.10668783540865731,0.11638393166486849,0.00022934445950273334
