dataset,query,weight,session,trials,models,tasks,none
DEPS_DEV_V1,query1,exec_s,0.08194646336779104,0.29506438671946555,0.025863869198103098,0.007325927538730086,0.5897993531759108
DEPS_DEV_V1,query1,payload_bytes,0.10450500681653453,0.5602624237509732,0.050490710722053446,0.026054393730805366,0.25868746497963224
DEPS_DEV_V1,query1,calls,0.05011389521640086,0.506454062262719,0.03492786636294618,0.026013667425968102,0.3824905087319663
DEPS_DEV_V1,query2,exec_s,0.08595058898774253,0.2980534225056743,0.03368293672606982,0.016906348113190348,0.5654067036673234
DEPS_DEV_V1,query2,payload_bytes,0.07234640855795328,0.48590382678058686,0.04646614006935775,0.04522372585373387,0.3500598987383656
DEPS_DEV_V1,query2,calls,0.050925925925925736,0.4583333333333326,0.04012345679012342,0.02912037037037036,0.421496913580247
GITHUB_REPOS,query1,exec_s,0.1508825675769749,0.521960741875006,0.03907007533646744,0.00896620770746032,0.27912040750409123
GITHUB_REPOS,query1,payload_bytes,0.2271407871984514,0.5876669435358903,0.048107292475434695,0.023740863964516738,0.11334411282570751
GITHUB_REPOS,query1,calls,0.07804878048780493,0.4341463414634164,0.02601626016260167,0.01814634146341464,0.4436422764227643
GITHUB_REPOS,query2,exec_s,0.03953868379469671,0.587353551212331,0.06360071254960553,0.023235822958842935,0.28627122948452455
GITHUB_REPOS,query2,payload_bytes,0.0042945229868243924,0.6987757391793253,0.11466042362060211,0.1038854129125658,0.0783839013006819
GITHUB_REPOS,query2,calls,0.013929193267556586,0.36448055716773003,0.019733023795705074,0.00751596053395241,0.5943412652350547
GITHUB_REPOS,query3,exec_s,0.0663105914240791,0.3064413043655974,0.0026051652063701068,0.0019751807566483594,0.6226677582473058
GITHUB_REPOS,query3,payload_bytes,0.14405012409601547,0.3372635916972863,0.04548140170462111,0.06245095977539427,0.41075392272668215
GITHUB_REPOS,query3,calls,0.03814935064935044,0.32224025974026055,0.011363636363636388,0.01415584415584415,0.6140909090909087
GITHUB_REPOS,query4,exec_s,0.1355247664526261,0.7159289199227592,0.02789335136858308,0.0206239646233359,0.1000289976326981
GITHUB_REPOS,query4,payload_bytes,0.162253551573955,0.7522473311861568,0.028389980201972996,0.018936614712699886,0.038172522325215806
GITHUB_REPOS,query4,calls,0.055191768007483884,0.6501403180542558,0.036482694106641796,0.025528531337698782,0.23265668849391954
PANCANCER_ATLAS,query1,exec_s,0.027136389847920078,0.5454731913289949,0.06546491600033569,0.0008309201188236937,0.3610945827039255
PANCANCER_ATLAS,query1,payload_bytes,0.564006737204025,0.1595867189914628,0.014945551209956444,0.02701232443706442,0.23444866815749102
PANCANCER_ATLAS,query1,calls,0.09789343246592344,0.31536555142503164,0.03283767038413888,0.016121437422552662,0.5377819083023546
PANCANCER_ATLAS,query2,exec_s,0.06307269250391365,0.42011541716541845,0.049633506149255914,0.015403218799099717,0.4517751653823138
PANCANCER_ATLAS,query2,payload_bytes,0.2169552958048061,0.38762498244933974,0.08124049274622015,0.037589050542668014,0.2765901784569654
PANCANCER_ATLAS,query2,calls,0.09825033647375507,0.2967698519515467,0.027590847913862685,0.03163189771197842,0.5457570659488558
PANCANCER_ATLAS,query3,exec_s,0.03996350755344298,0.38584948309536465,0.04148263532368967,0.009765637162983426,0.5229387368645199
PANCANCER_ATLAS,query3,payload_bytes,0.19066976214494677,0.3797202989056971,0.0448534470299576,0.028717312595721734,0.35603917932367535
PANCANCER_ATLAS,query3,calls,0.07020997375328085,0.2939632545931748,0.023622047244094457,0.02754265091863515,0.5846620734908119
PATENTS,query1,exec_s,0.06315157684848005,0.6986507210140726,0.03106975931352741,0.007971237491337319,0.19915670533258645
PATENTS,query1,payload_bytes,0.08438957733063258,0.7366334690203926,0.03157549957611905,0.0005086416164241611,0.1468928124564312
PATENTS,query1,calls,0.045584045584045566,0.5555555555555568,0.03561253561253544,0.015811965811965797,0.3474358974358979
PATENTS,query2,exec_s,0.19368008646387827,0.12735425484668195,0.008459577711725405,0.005075359377306352,0.6654307216004086
PATENTS,query2,payload_bytes,0.25978925868908925,0.36600524902552434,0.0014377906208211052,0.013256671347932457,0.35951103031663406
PATENTS,query2,calls,0.10641627543035988,0.1862284820031304,0.00782472613458525,0.011459311424100156,0.6880712050078235
PATENTS,query3,exec_s,0.07328725912962458,0.3787149486741393,0.022979451509117413,0.0031919152137187983,0.5218264254734005
PATENTS,query3,payload_bytes,0.10471079330341483,0.5063112234262946,0.06146849723047452,0.00023715667323884662,0.3272723293665771
PATENTS,query3,calls,0.057123193392980075,0.3819683413626981,0.026841018582243498,0.008434273916035781,0.5256331727460424
agnews,query1,exec_s,0.008974435819393502,0.7825692708534201,0.010646802587953648,0.04139594191427029,0.1564135488249621
agnews,query1,payload_bytes,0.00605184356615636,0.8512515121957138,0.007578241649962638,0.039025908316352595,0.09609249427181825
agnews,query1,calls,0.06037735849056603,0.498113207547168,0.052830188679245334,0.05052830188679254,0.3381509433962262
agnews,query2,exec_s,0.033032754832509725,0.4174954087593634,0.024626384586496738,0.03213814142695817,0.4927073103946751
agnews,query2,payload_bytes,0.009269604855946249,0.019202372515554882,0.0005002552218781309,0.6754298762407265,0.29559789116589313
agnews,query2,calls,0.06347305389221536,0.6514970059880228,0.028742514970059814,0.00860479041916168,0.24768263473053953
agnews,query3,exec_s,0.019345254385549467,0.43830192550389735,0.016998956121958095,0.08891800003485811,0.4364358639537362
agnews,query3,payload_bytes,0.01439190314802138,0.5202120326240689,0.014080585827148566,0.15504482538642436,0.29627065301433825
agnews,query3,calls,0.04385964912280711,0.5771929824561398,0.0350877192982457,0.034640350877192985,0.30921929824561434
agnews,query4,exec_s,0.019925758291605807,0.42893086561375066,0.04494220394981423,0.09175447649041582,0.41444669565441367
agnews,query4,payload_bytes,0.003843776896286151,0.4634672666385644,0.048470748369109515,0.13748355116703517,0.34673465692900324
agnews,query4,calls,0.048854961832061325,0.48854961832060895,0.048854961832061325,0.036152671755725174,0.377587786259542
bookreview,query1,exec_s,0.048254523109467026,0.6398378265517115,0.0336215433060849,0.013172499392744152,0.2651136076399948
bookreview,query1,payload_bytes,0.07445353787507746,0.6649664476449394,0.029960036748375066,0.0066332545848372705,0.22398672314677312
bookreview,query1,calls,0.06374881065651775,0.5984776403425335,0.03139866793529961,0.01632254995242628,0.29005233111322565
bookreview,query2,exec_s,0.05074544311673604,0.5432220087980432,0.04490276267346162,0.02260547766404989,0.33852430774770736
bookreview,query2,payload_bytes,0.09521027810046924,0.5574583415798029,0.06289459622190914,0.027722372120156602,0.2567144119776633
bookreview,query2,calls,0.05348258706467667,0.519900497512438,0.044776119402985086,0.024626865671641792,0.35721393034825843
bookreview,query3,exec_s,0.05574219763206208,0.4919993782788626,0.050872528299668936,0.01998584895003456,0.38140004683937084
bookreview,query3,payload_bytes,0.032963950300167764,0.5033325587978082,0.07176826460386772,0.11041932818196791,0.2815158981161888
bookreview,query3,calls,0.07060333761232367,0.5044929396662365,0.044929396662387856,0.018029525032092406,0.36194480102695764
crmarenapro,query1,exec_s,0.007950780899636207,0.5047299319331711,0.012608769858364073,0.0016150670621166386,0.47309545024671024
crmarenapro,query1,payload_bytes,0.0010712146762902881,0.3477111650658172,0.001651018983597057,0.24364875694775734,0.40591784432653855
crmarenapro,query1,calls,0.003797468354430392,0.4000000000000003,0.008860759493670918,0.008056962025316482,0.579284810126582
crmarenapro,query10,exec_s,0.029373169744269866,0.07597137776073953,0.008254644077139163,0.009297159901841372,0.8771036485160104
crmarenapro,query10,payload_bytes,0.036040930166192565,0.18075310138383496,0.02403001168987427,0.015286710329672284,0.7438892464304261
crmarenapro,query10,calls,0.036966824644549645,0.11090047393364952,0.01137440758293836,0.014327014218009464,0.8264312796208547
crmarenapro,query11,exec_s,0.009068247361158908,0.269251760716791,0.013120262678533869,0.0017978976469840903,0.7067618315965329
crmarenapro,query11,payload_bytes,0.015782821785337187,0.1984673114963988,0.007504945318466142,0.021567588763577762,0.7566773326362202
crmarenapro,query11,calls,0.027646662171274396,0.3486176668914361,0.02157788267026292,0.006965610249494254,0.5951921780175323
crmarenapro,query12,exec_s,0.019549833125664502,0.22935205398235806,0.017129573886092913,0.014007301065493432,0.719961237940392
crmarenapro,query12,payload_bytes,0.00754061301369663,0.3539734078589795,0.03886240021270919,0.03769360229289439,0.5619299766217196
crmarenapro,query12,calls,0.019444444444444396,0.24861111111111048,0.018055555555555613,0.017534722222222222,0.696354166666667
crmarenapro,query13,exec_s,0.0068110278287068,0.3959842503779737,0.02896899750283637,0.024495914777269232,0.5437398095132141
crmarenapro,query13,payload_bytes,0.000514523294993952,0.569701233381509,0.049172456661333366,0.00532305145660112,0.3752887352055603
crmarenapro,query13,calls,0.006322444678609056,0.3793466807165432,0.03793466807165457,0.018746048472075873,0.557650158061117
crmarenapro,query2,exec_s,0.00013390365853584434,0.5632409277236934,0.020296352066371228,0.005443089709719564,0.4108857268416826
crmarenapro,query2,payload_bytes,8.26113003691804e-07,0.6501489145181115,0.05317631270886139,0.036193263170842004,0.2604806834891833
crmarenapro,query2,calls,0.0014326647564469892,0.4921203438395417,0.022206303724928413,0.015243553008596,0.46899713467048715
crmarenapro,query3,exec_s,0.0017081336716207583,0.396513544123947,0.016988552970859012,4.5105388017270904e-05,0.5847446638455591
crmarenapro,query3,payload_bytes,0.0007201251756756963,0.4043726863489823,0.009772297746871045,0.0022621720236347116,0.5828727187048383
crmarenapro,query3,calls,0.0019801980198019815,0.39603960396039495,0.018811881188118825,0.0009059405940594066,0.5822623762376224
crmarenapro,query4,exec_s,0.0212055840553518,0.24626050502899235,0.019404847951490972,0.006355543324619649,0.7067735196395455
crmarenapro,query4,payload_bytes,0.003961145429188575,0.5327307923296403,0.037433433712821255,0.0018464330951872387,0.42402819543316506
crmarenapro,query4,calls,0.027633851468048438,0.30310880829015485,0.024179620034542198,0.007569084628670128,0.6375086355785836
crmarenapro,query5,exec_s,0.045498424112204165,0.35174702668084523,0.013862870951973541,0.008188904566457161,0.5807027736885204
crmarenapro,query5,payload_bytes,0.060028683254215516,0.31385473627707217,0.025283415908832662,0.015776944064361142,0.5850562204955189
crmarenapro,query5,calls,0.05944319036869838,0.34913468773513856,0.016553799849510976,0.009100827689992494,0.5657674943566595
crmarenapro,query6,exec_s,0.014976361075382659,0.4823671220330575,0.020468129049155494,0.004198677976414409,0.4779897098659891
crmarenapro,query6,payload_bytes,1.1443274835987466e-05,0.686428577822919,0.05189262854210368,0.04757595797729723,0.21409139238284594
crmarenapro,query6,calls,0.009922041105598897,0.4202693125442933,0.024096385542168676,0.01665131112686037,0.5290609496810776
crmarenapro,query7,exec_s,0.0030281596091127783,0.29977010149721633,0.017710633295111675,0.007858639447901371,0.671632466150658
crmarenapro,query7,payload_bytes,0.0017561681440761425,0.5272358946514109,0.05003684017158246,0.0478441488335677,0.3731269481993642
crmarenapro,query7,calls,0.006097560975609761,0.3719512195121964,0.031097560975609836,0.008597560975609738,0.582256097560974
crmarenapro,query8,exec_s,0.01491752356031158,0.12095484137856585,0.006261891287830258,0.021632325808591486,0.8362334179647012
crmarenapro,query8,payload_bytes,0.00030193131930104754,0.292498568429089,0.019904908986794752,0.045800065939023756,0.6414945253257908
crmarenapro,query8,calls,0.01601423487544476,0.13701067615658405,0.007117437722419911,0.02607651245551601,0.8137811387900352
crmarenapro,query9,exec_s,0.04724458724866899,0.4277773386927635,0.015826531973471204,0.000807328873669581,0.5083442132114242
crmarenapro,query9,payload_bytes,0.051448089683524566,0.4602199669294587,0.017572975063383286,0.00033670512985287744,0.47042226319377956
crmarenapro,query9,calls,0.04567699836867866,0.45840130505709487,0.01631321370309947,0.000766721044045677,0.4788417618270816
googlelocal,query1,exec_s,0.07734080415405843,0.5313599721894778,0.044155332288508785,0.02320042007819792,0.32394347128975554
googlelocal,query1,payload_bytes,0.05477728112353525,0.3270330852803907,0.027908820273833547,0.18033144436787046,0.4099493689543706
googlelocal,query1,calls,0.09382716049382721,0.5012345679012353,0.04444444444444433,0.015530864197530853,0.34496296296296336
googlelocal,query2,exec_s,0.021443959011929494,0.543802720230062,0.03501919390340718,0.014574860904416669,0.3851592659501835
googlelocal,query2,payload_bytes,0.021507513706950886,0.743195087614869,0.06011267060870958,0.02956971512757656,0.14561501294189425
googlelocal,query2,calls,0.02334267040149387,0.5126050420168055,0.034547152194210944,0.01233426704014936,0.41717086834733885
googlelocal,query3,exec_s,0.05088450555592186,0.586863747292753,0.03773962968579237,0.022329420369453623,0.30218269709607987
googlelocal,query3,payload_bytes,0.07318986665913128,0.5019655464824055,0.03837262980344681,0.06564166084360562,0.3208302962114116
googlelocal,query3,calls,0.05054151624548742,0.5469314079422388,0.02888086642599289,0.017608303249097446,0.35603790613718367
googlelocal,query4,exec_s,0.059184124044688834,0.4035081439746858,0.02200978707747885,0.004545217070276841,0.5107527278328708
googlelocal,query4,payload_bytes,0.15234506971931336,0.3478321916036671,0.0725488624484343,0.0004781280749534019,0.42679574815363075
googlelocal,query4,calls,0.044929396662387856,0.47496790757381285,0.020539152759948595,0.00571887034659821,0.45384467265725226
music_brainz_20k,query1,exec_s,0.00891072004071747,0.4827047579358065,0.0074894134488487215,0.0010476867331977683,0.49984742184142866
music_brainz_20k,query1,payload_bytes,4.424239554719713e-05,0.6203059400461222,3.3608696968309334e-05,2.106869446900201e-05,0.37959514016689544
music_brainz_20k,query1,calls,0.009367681498829048,0.44262295081967223,0.007025761124121787,0.0010187353629976588,0.5399648711943793
music_brainz_20k,query2,exec_s,0.0007277867130746653,0.6052655667854944,0.016423514145257525,0.0019388539587502796,0.3756442783974203
music_brainz_20k,query2,payload_bytes,0.0007770060268641381,0.4273735844977156,0.014053674225020922,0.0016869138671927804,0.5561088213832059
music_brainz_20k,query2,calls,0.0016103059581320481,0.5829307568437979,0.014492753623188439,0.0018196457326892124,0.3991465378421901
music_brainz_20k,query3,exec_s,0.007831617454436234,0.6924910077960394,0.02948611894636783,0.006557963057326936,0.2636332927458259
music_brainz_20k,query3,payload_bytes,0.007550148124535029,0.895053579345878,0.03643030628541586,1.1574667594391444e-06,0.06096480877740971
music_brainz_20k,query3,calls,0.011695906432748475,0.5555555555555568,0.0321637426900585,0.010043859649122801,0.3905409356725129
stockindex,query1,exec_s,0.008789039998241925,0.11243146265880201,0.01447569255205824,0.016285795802446178,0.8480180089884519
stockindex,query1,payload_bytes,0.02882039450098254,0.12580203911781843,0.052732059074736874,0.013749338631148739,0.7788961686753133
stockindex,query1,calls,0.006535947712418283,0.3480392156862755,0.029411764705882266,0.04415849673202608,0.5718545751633987
stockindex,query2,exec_s,0.007792220455686767,0.303475170113396,0.022603456979163182,0.02604340184858461,0.6400857506031682
stockindex,query2,payload_bytes,0.0008223514447331276,0.49557676963050395,0.026082859799639476,0.00012340654625818133,0.4773946125788644
stockindex,query2,calls,0.005235602094240815,0.4851657940663185,0.03315881326352523,0.04295811518324607,0.4334816753926702
stockindex,query3,exec_s,0.010764955500100572,0.4688476312846308,0.042868887359554124,0.008301814568098509,0.4692167112876176
stockindex,query3,payload_bytes,0.01061094300611916,0.5426171379010643,0.043480328121916004,0.005850082212122817,0.397441508758777
stockindex,query3,calls,0.0095238095238095,0.5891156462585051,0.04217687074829948,0.029061224489795926,0.3301224489795917
stockmarket,query1,exec_s,0.003740038187615959,0.677524828780662,0.022723421328621228,0.0,0.2960117117031014
stockmarket,query1,payload_bytes,0.0005100771336153257,0.5235755162975846,0.022368748444886705,0.0,0.4535456581239133
stockmarket,query1,calls,0.0019801980198019815,0.6910891089108898,0.031683168316831704,0.0,0.2752475247524745
stockmarket,query2,exec_s,0.015559542625319446,0.07819566412348769,0.0033987981999379045,0.0032627989111981698,0.899583196140056
stockmarket,query2,payload_bytes,0.054587084156422154,0.4652606705937461,0.03373416617733931,0.004012953631793603,0.44240512544069976
stockmarket,query2,calls,0.03701875616979256,0.16683119447186537,0.00937808489634745,0.003329220138203355,0.7834427443237906
stockmarket,query3,exec_s,0.01150651024727194,0.13429389121429922,0.006921555512516684,0.002106587743871887,0.8451714552820397
stockmarket,query3,payload_bytes,0.1666104718202137,0.11080945993646299,0.029687445581833068,0.040294360277679714,0.6525982623838108
stockmarket,query3,calls,0.05274390243902439,0.1420731707317068,0.007317073170731713,0.0019756097560975623,0.7958902439024369
stockmarket,query4,exec_s,0.06803650056668432,0.15645734832443023,0.00032885612061471335,0.0020359953775726286,0.7731412996106982
stockmarket,query4,payload_bytes,0.2039381470553897,0.2766048626353309,0.014596912099750592,0.004663744770064265,0.5001963334394646
stockmarket,query4,calls,0.09997118985883063,0.197637568424085,0.0031691155286660906,0.0023465859982713896,0.6968755401901481
stockmarket,query5,exec_s,0.0333611724981451,0.1455865703284075,0.002377884804192499,0.0013647074755619053,0.8173096648936929
stockmarket,query5,payload_bytes,0.11887416199450394,0.25353187742506345,0.011980654280461871,0.003988213501018256,0.6116250927989513
stockmarket,query5,calls,0.05878347707671368,0.19064911484339567,0.004312301407172061,0.0012778029959146617,0.7449773036768045
yelp,query1,exec_s,0.02236983894650844,0.6413421143865036,0.04242585263879373,0.013266059602363302,0.2805961344258314
yelp,query1,payload_bytes,0.03709262420534204,0.3832770307254746,0.025559006145377258,0.17230727804494925,0.38176406087885745
yelp,query1,calls,0.05658198614318684,0.5681293302540392,0.042725173210161664,0.01463625866050809,0.3179272517321017
yelp,query2,exec_s,0.09552378154642552,0.5302869790127189,0.049609865427098436,0.03294186984636154,0.2916375041673938
yelp,query2,payload_bytes,0.06416345160971956,0.6634332011883103,0.05893753504806653,0.022728101121156353,0.19073771103274845
yelp,query2,calls,0.26815181518151826,0.44141914191419185,0.03547854785478564,0.024628712871287126,0.23032178217821778
yelp,query3,exec_s,0.03348930706626894,0.3042352595307633,0.02107776241608414,0.05421416987820333,0.5869835011086803
yelp,query3,payload_bytes,0.03235965676083191,0.43174356426559723,0.04200975292250125,0.03329535567700064,0.46059167037406995
yelp,query3,calls,0.046875,0.3171875000000012,0.018749999999999933,0.022929687500000018,0.5942578124999998
yelp,query4,exec_s,0.08472404277992716,0.45361263313171224,0.04301465593544227,0.05264188629816651,0.366006781854751
yelp,query4,payload_bytes,0.05074707659891029,0.4364103293250372,0.05776896452484693,0.05847397379737243,0.39659965575383427
yelp,query4,calls,0.20962732919254723,0.3664596273291921,0.030279503105590175,0.0332996894409938,0.36033385093167675
yelp,query5,exec_s,0.10589263173082157,0.3878848042630237,0.032404176318082234,0.04368187886858653,0.4301365088194864
yelp,query5,payload_bytes,0.0655578296933631,0.35603373051482345,0.05252562104445313,0.047579552245480675,0.4783032665018803
yelp,query5,calls,0.22532751091703113,0.3152838427947611,0.027947598253275214,0.025275109170305687,0.4061659388646291
yelp,query6,exec_s,0.12235935919044032,0.3627238203565636,0.025780243368943717,0.013989894251689792,0.47514668283236366
yelp,query6,payload_bytes,0.09378744257907305,0.3553139068109205,0.10504264775256215,0.06050620859512927,0.38534979426231475
yelp,query6,calls,0.08476821192052961,0.4609271523178794,0.030463576158940305,0.02132450331125827,0.4025165562913908
yelp,query7,exec_s,0.12943866406291601,0.3229674274487152,0.027198381810982844,0.012684894535491492,0.5077106321418957
yelp,query7,payload_bytes,0.03830589093984306,0.31501066318800675,0.05494020105219494,0.0563351978194636,0.5354080470004905
yelp,query7,calls,0.12749615975422393,0.3440860215053761,0.023041474654377826,0.026013824884792616,0.47936251920122935
